,0,1
0,apr,15726
1,gmt,14204
2,1993,11926
3,writes,11658
4,references,10316
5,article,10053
6,sender,8809
7,people,8075
8,university,7986
9,1,7447
10,nntp-posting-host,6856
11,93,6690
12,2,5958
13,xref,4849
14,cantaloupe.srv.cs.cmu.edu,4840
15,news,3959
16,distribution,3824
17,3,3623
18,god,3589
19,0,3571
20,max>'ax>'ax>'ax>'ax>'ax>'ax>'ax>'ax>'ax>'ax>'ax>'ax>'ax>'ax,3307
21,20,3004
22,5,2942
23,6,2894
24,4,2866
25,16,2832
26,15,2605
27,government,2597
28,21,2588
29,question,2567
30,reply-to,2447
31,read,2425
32,usenet,2347
33,usa,2346
34,windows,2301
35,david,2178
36,software,2147
37,data,2144
38,program,2121
39,file,2115
40,23,2114
41,10,2055
42,space,2047
43,version,2018
44,science,1983
45,power,1974
46,john,1954
47,drive,1916
48,22,1896
49,fri,1883
50,day,1868
51,true,1859
52,law,1855
53,public,1829
54,tue,1807
55,game,1800
56,19,1778
57,8,1767
58,7,1740
59,lot,1739
60,car,1732
61,set,1729
62,real,1698
63,17,1693
64,systems,1683
65,support,1679
66,life,1650
67,free,1648
68,list,1624
69,jesus,1590
70,image,1588
71,sun,1583
72,18,1579
73,card,1579
74,24,1562
75,reason,1549
76,25,1535
77,wrong,1532
78,message,1530
79,thu,1530
80,hard,1529
81,post,1529
82,key,1525
83,mon,1474
84,center,1460
85,internet,1452
86,technology,1434
87,bit,1433
88,email,1407
89,bad,1402
90,send,1402
91,files,1399
92,heard,1396
93,team,1378
94,26,1374
95,person,1373
96,evidence,1361
97,christian,1347
98,access,1343
99,mark,1338
100,wrote,1332
101,jews,1325
102,national,1315
103,children,1302
104,14,1295
105,idea,1294
106,human,1291
107,e-mail,1291
108,opinions,1290
109,12,1287
110,mail,1281
111,times,1271
112,control,1267
113,keywords,1260
114,questions,1253
115,book,1247
116,change,1245
117,start,1243
118,note,1231
119,left,1227
120,chip,1225
121,remember,1213
122,phone,1209
123,30,1197
124,window,1193
125,israel,1190
126,based,1188
127,word,1177
128,9,1174
129,code,1169
130,michael,1159
131,gun,1156
132,standard,1152
133,institute,1149
134,followup-to,1148
135,source,1147
136,11,1144
137,stuff,1142
138,rights,1142
139,net,1138
140,info,1132
141,13,1124
142,money,1116
143,department,1114
144,games,1111
145,president,1106
146,answer,1103
147,27,1095
148,price,1093
149,running,1087
150,graphics,1079
151,agree,1075
152,dos,1072
153,local,1067
154,address,1067
155,steve,1064
156,buy,1064
157,matter,1062
158,american,1062
159,paul,1061
160,days,1060
161,mac,1060
162,bible,1050
163,mike,1048
164,war,1046
165,hope,1044
166,told,1041
167,pretty,1041
168,live,1037
169,approved,1036
170,care,1032
171,disk,1032
172,current,1030
173,play,1027
174,issue,1026
175,original,1023
176,feel,1012
177,claim,1012
178,sale,1005
179,network,996
180,love,996
181,jim,996
182,understand,993
183,fax,985
184,religion,983
185,truth,982
186,box,977
187,programs,975
188,simply,972
189,college,967
190,mind,967
191,history,966
192,april,955
193,machine,952
194,speed,952
195,engineering,950
196,started,950
197,guess,949
198,armenian,946
199,video,944
200,canada,936
201,church,925
202,fbi,925
203,dept,922
204,memory,917
205,posting,914
206,unix,913
207,hand,909
208,robert,905
209,health,902
210,color,901
211,country,897
212,pc,896
213,encryption,896
214,service,892
215,pay,891
216,turkish,884
217,jewish,881
218,private,880
219,u.s,878
220,earth,873
221,house,865
222,x-newsreader,864
223,black,862
224,rec.sport.hockey,861
225,28,860
226,christians,859
227,death,853
228,difference,852
229,display,848
230,user,848
231,school,846
232,ftp,846
233,sat,845
234,win,845
235,type,843
236,copy,835
237,server,835
238,california,833
239,hell,833
240,armenians,832
241,white,829
242,view,826
243,opinion,826
244,sense,822
245,faith,820
246,company,820
247,1.1,818
248,clipper,818
249,soc.religion.christian,815
250,sort,813
251,package,812
252,deal,809
253,police,809
254,rec.sport.baseball,809
255,political,805
256,summary,805
257,major,805
258,rec.motorcycles,803
259,morality,800
260,moral,799
261,city,799
262,services,797
263,contact,796
264,talking,794
265,christian@aramis.rutgers.edu,794
266,check,790
267,couple,789
268,christ,788
269,single,787
270,killed,784
271,nice,784
272,cost,783
273,frank,783
274,write,782
275,body,781
276,security,779
277,james,777
278,29,774
279,light,774
280,press,773
281,religious,773
282,argument,771
283,objective,771
284,happened,771
285,ibm,770
286,simple,767
287,san,767
288,dead,766
289,images,766
290,night,764
291,correct,763
292,hockey,758
293,monitor,758
294,provide,755
295,comp.sys.mac.hardware,752
296,100,751
297,board,750
298,tin,748
299,fine,746
300,society,745
301,50,741
302,fast,738
303,statement,737
304,position,734
305,form,732
306,experience,732
307,hardware,731
308,dave,730
309,western,729
310,format,728
311,situation,727
312,force,726
313,rest,726
314,york,723
315,rec.autos,722
316,women,721
317,washington,721
318,reading,721
319,common,720
320,laws,717
321,clinton,717
322,text,715
323,israeli,714
324,division,713
325,books,712
326,brian,712
327,sound,711
328,comp.sys.ibm.pc.hardware,709
329,personal,708
330,discussion,706
331,guy,704
332,period,704
333,players,703
334,users,702
335,lost,701
336,scsi,701
337,jpeg,699
338,study,698
339,hear,697
340,business,696
341,alt.atheism,695
342,size,694
343,bob,691
344,test,691
345,exist,689
346,advance,689
347,bike,685
348,happen,682
349,theory,681
350,account,680
351,hit,675
352,red,672
353,radio,672
354,screen,672
355,future,671
356,peter,670
357,corporation,669
358,head,669
359,office,669
360,series,668
361,apple,666
362,sci.electronics,666
363,sci.med,665
364,application,663
365,talk,662
366,accept,661
367,easy,661
368,medical,661
369,level,658
370,faq,658
371,special,655
372,add,655
373,months,655
374,considered,654
375,article-i.d,654
376,driver,653
377,insurance,651
378,week,647
379,guns,647
380,drivers,647
381,posted,646
382,ms,646
383,season,646
384,kill,645
385,worth,643
386,job,643
387,koresh,642
388,sell,642
389,peace,641
390,runs,640
391,expect,635
392,ma,633
393,short,633
394,project,633
395,32,630
396,manager,630
397,db,630
398,comp.windows.x,628
399,pittsburgh,625
400,thinking,624
401,texas,624
402,international,623
403,model,621
404,assume,620
405,ground,618
406,coming,616
407,ii,614
408,values,613
409,communications,613
410,doubt,612
411,quality,610
412,mode,608
413,military,606
414,land,606
415,united,606
416,federal,606
417,st,605
418,40,601
419,reference,598
420,includes,597
421,offer,596
422,comp.graphics,596
423,speak,595
424,process,593
425,bbs,592
426,tom,591
427,policy,590
428,response,590
429,i.e,589
430,hold,588
431,strong,588
432,sci.space,588
433,involved,587
434,thomas,587
435,eric,587
436,story,586
437,baseball,586
438,explain,585
439,previous,585
440,cars,583
441,bus,582
442,gas,582
443,toronto,581
444,specific,581
445,performance,579
446,talk.politics.guns,579
447,computing,577
448,issues,577
449,road,577
450,weapons,577
451,andrew,576
452,error,574
453,dr,573
454,freedom,572
455,building,572
456,result,572
457,total,572
458,legal,572
459,design,572
460,dod,572
461,water,571
462,population,569
463,0400,569
464,league,564
465,ram,564
466,leave,563
467,development,563
468,field,561
469,save,560
470,christianity,560
471,party,558
472,deleted,554
473,comp.os.ms-windows.misc,554
474,report,552
475,action,552
476,close,552
477,rate,552
478,appreciated,551
479,tape,550
480,basis,549
481,player,549
482,friend,547
483,child,546
484,richard,546
485,claims,545
486,return,543
487,smith,543
488,nasa,542
489,tv,539
490,knowledge,539
491,choice,539
492,voice,538
493,media,538
494,cut,537
495,technical,537
496,sci.crypt,537
497,average,536
498,ideas,536
499,1992,535
500,build,535
501,boston,534
502,reasons,532
503,mentioned,530
504,reply,528
505,jon,528
506,scott,528
507,armenia,527
508,drug,527
509,applications,525
510,complete,525
511,sin,525
512,takes,524
513,administration,522
514,univ,521
515,exists,520
516,chicago,520
517,31,520
518,die,519
519,drives,519
520,crime,518
521,anonymous,518
522,completely,515
523,disclaimer,514
524,appears,514
525,sounds,514
526,required,513
527,batf,513
528,comments,512
529,shot,511
530,court,511
531,output,511
532,modem,511
533,chris,510
534,weeks,510
535,bought,510
536,germany,508
537,scientific,506
538,details,506
539,basic,505
540,lord,505
541,newsgroup,505
542,waco,505
543,al,504
544,nature,504
545,created,503
546,des,503
547,keith,503
548,illinois,502
549,sources,501
550,god's,501
551,existence,500
552,muslim,500
553,living,499
554,cover,499
555,looked,498
556,universe,498
557,chance,497
558,create,496
559,food,496
560,air,495
561,individual,494
562,supposed,494
563,cards,494
564,controller,494
565,george,493
566,finally,492
567,meaning,492
568,belief,492
569,terms,491
570,33,491
571,algorithm,491
572,main,490
573,faster,490
574,purpose,490
575,digital,490
576,machines,489
577,arab,488
578,views,488
579,folks,488
580,russian,487
581,arms,487
582,follow,486
583,muslims,485
584,site,485
585,manual,485
586,mouse,484
587,mass,483
588,blue,483
589,in-reply-to,482
590,lead,482
591,final,480
592,attack,479
593,north,479
594,prove,479
595,plan,479
596,family,478
597,term,477
598,turkey,477
599,language,476
600,noise,476
601,atheists,476
602,community,475
603,learn,474
604,base,474
605,events,473
606,figure,473
607,genocide,472
608,rule,472
609,goal,471
610,built,470
611,directory,469
612,secret,468
613,entire,467
614,interface,467
615,command,466
616,ny,466
617,cheap,466
618,lots,463
619,america,463
620,reasonable,463
621,motif,461
622,designed,459
623,object,459
624,tim,459
625,2000,459
626,condition,459
627,record,459
628,dan,458
629,wait,458
630,commercial,458
631,joseph,457
632,advice,457
633,engine,457
634,normal,456
635,gif,455
636,allowed,454
637,paper,454
638,sex,454
639,library,452
640,drugs,452
641,defense,452
642,rules,451
643,stated,450
644,hours,450
645,device,450
646,release,449
647,uk,448
648,south,448
649,miles,448
650,carry,448
651,event,447
652,edt,446
653,lab,446
654,product,446
655,serial,446
656,laboratory,444
657,easily,444
658,port,444
659,privacy,444
660,reality,442
661,request,442
662,wondering,441
663,difficult,440
664,tax,440
665,pat,440
666,son,439
667,happy,439
668,la,439
669,fan,438
670,responsible,438
671,break,438
672,bring,438
673,poster,437
674,decided,437
675,stupid,437
676,joe,437
677,3.1,437
678,studies,436
679,lives,436
680,hp,436
681,solution,435
682,market,435
683,physical,434
684,definition,433
685,products,433
686,bits,433
687,turks,432
688,method,432
689,35,432
690,suppose,432
691,west,430
692,citizens,429
693,changed,429
694,illegal,429
695,trouble,429
696,analysis,429
697,station,428
698,owner,428
699,mention,427
700,guys,427
701,equipment,427
702,companies,427
703,attempt,425
704,actions,425
705,originator,425
706,oil,425
707,abortion,425
708,father,424
709,conference,424
710,disease,423
711,green,423
712,imagine,422
713,reported,422
714,class,422
715,fans,421
716,civil,420
717,died,420
718,corp,420
719,brought,420
720,forget,420
721,pick,419
722,age,418
723,limited,418
724,official,417
725,ray,416
726,devices,414
727,printer,414
728,hedrick@athos.rutgers.edu,414
729,wife,413
730,launch,413
731,apply,412
732,letter,412
733,murder,412
734,extra,412
735,street,412
736,east,410
737,lack,410
738,education,409
739,chips,409
740,gm,409
741,door,408
742,decision,408
743,environment,407
744,greek,406
745,watch,406
746,americans,406
747,hate,405
748,misc.forsale,405
749,avoid,404
750,stand,404
751,georgia,403
752,e.g,402
753,congress,402
754,heart,402
755,king,401
756,ide,401
757,homosexuality,401
758,btw,400
759,search,400
760,mission,400
761,cable,400
762,require,399
763,reports,398
764,trade,398
765,function,398
766,coverage,398
767,caused,397
768,worse,397
769,safety,396
770,fall,396
771,teams,396
772,evil,394
773,gary,394
774,online,394
775,compound,394
776,nhl,394
777,quote,393
778,volume,393
779,1st,393
780,internal,393
781,continue,392
782,authority,392
783,europe,392
784,ken,391
785,excellent,391
786,choose,390
787,ability,390
788,blood,389
789,starting,389
790,serdar,387
791,input,387
792,natural,386
793,material,386
794,addition,385
795,practice,384
796,microsoft,384
797,pass,383
798,tools,383
799,hedrick@geneva.rutgers.edu,383
800,protect,381
801,friends,381
802,cpu,381
803,killing,380
804,suspect,380
805,supply,380
806,proof,379
807,countries,379
808,context,379
809,jack,378
810,obvious,377
811,approach,377
812,jeff,376
813,won,376
814,gordon,376
815,requires,376
816,installed,376
817,floppy,376
818,stay,375
819,yeah,375
820,disks,375
821,talk.politics.mideast,374
822,basically,374
823,poor,374
824,colorado,374
825,sites,374
826,lee,374
827,stephen,374
828,author,373
829,orbit,373
830,month,372
831,expressed,372
832,unit,372
833,respect,371
834,doug,371
835,soldiers,370
836,argic,370
837,effective,370
838,picture,370
839,committee,369
840,44,369
841,range,369
842,protection,369
843,cambridge,368
844,logic,368
845,earlier,368
846,moon,368
847,matthew,368
848,prevent,367
849,vote,365
850,80,364
851,hands,364
852,reserve,364
853,costs,364
854,shuttle,364
855,social,363
856,handle,363
857,electronic,362
858,homosexual,362
859,independent,361
860,at&t,361
861,atf,361
862,administrator,360
863,clock,360
864,define,359
865,islam,359
866,played,359
867,shipping,359
868,ron,359
869,false,358
870,minutes,358
871,mormons,357
872,posts,356
873,los,356
874,increase,356
875,3d,356
876,published,355
877,majority,355
878,60,355
879,supports,355
880,heaven,355
881,nt,355
882,middle,354
883,and/or,354
884,beliefs,354
885,programming,354
886,34,353
887,trust,353
888,amendment,353
889,understanding,352
890,realize,352
891,print,352
892,standards,352
893,modern,351
894,army,351
895,mother,351
896,playing,351
897,treatment,351
898,mary,351
899,agents,350
900,mailing,349
901,enforcement,349
902,os/2,349
903,names,348
904,writing,347
905,comment,347
906,articles,347
907,ohio,347
908,austin,347
909,vga,347
910,soviet,346
911,march,346
912,sold,346
913,gay,346
914,charles,346
915,1991,345
916,suggestions,345
917,acts,344
918,larry,344
919,art,344
920,morning,343
921,calls,343
922,personally,342
923,driving,342
924,hey,341
925,serve,340
926,student,340
927,200,340
928,effort,340
929,nsa,340
930,features,339
931,arguments,339
932,tel,338
933,regular,338
934,recall,338
935,dangerous,337
936,convert,337
937,rob,337
938,hole,337
939,straight,336
940,constitution,336
941,myers,336
942,statements,335
943,pain,335
944,gateway,335
945,secure,335
946,draw,335
947,hot,335
948,energy,335
949,perfect,334
950,developed,334
951,intended,334
952,behavior,334
953,responsibility,333
954,virginia,333
955,aware,332
956,widget,332
957,kids,331
958,risk,331
959,paid,331
960,physics,331
961,cd,331
962,fair,330
963,direct,330
964,sexual,330
965,multiple,330
966,buying,330
967,medicine,330
968,atheism,330
969,notice,329
970,justice,329
971,90,329
972,greatly,329
973,resources,329
974,block,328
975,fit,328
976,500,328
977,assuming,327
978,roger,327
979,title,326
980,1990,326
981,surface,326
982,37,326
983,loss,326
984,colors,326
985,supported,325
986,switch,325
987,36,325
988,judge,325
989,british,324
990,38,324
991,angeles,324
992,effects,323
993,remote,322
994,2nd,322
995,popular,321
996,option,320
997,william,320
998,o'dwyer,320
999,slow,319
1000,setting,319
1001,options,319
1002,types,319
1003,errors,319
1004,alan,318
1005,concerned,318
1006,greg,318
1007,proper,317
1008,meant,317
1009,charge,317
1010,45,317
1011,answers,317
1012,entry,317
1013,double,316
1014,closed,315
1015,branch,315
1016,absolutely,315
1017,cleveland,315
1018,banks,315
1019,processing,315
1020,totally,314
1021,van,314
1022,expensive,314
1023,bmw,314
1024,arabs,313
1025,activities,312
1026,park,312
1027,firearms,312
1028,patients,312
1029,actual,312
1030,forces,311
1031,moment,311
1032,agency,311
1033,fight,310
1034,postscript,310
1035,pgp,310
1036,talk.religion.misc,310
1037,fonts,309
1038,objects,309
1039,operation,308
1040,spend,308
1041,prices,308
1042,share,307
1043,decide,307
1044,bear,307
1045,don,307
1046,jason,307
1047,doctor,306
1048,australia,306
1049,ride,306
1050,calling,305
1051,compared,305
1052,safe,305
1053,respond,305
1054,300,305
1055,bell,305
1056,foreign,304
1057,eyes,303
1058,percent,303
1059,selling,303
1060,cult,303
1061,claimed,302
1062,property,302
1063,disagree,302
1064,woman,302
1065,concept,302
1066,models,302
1067,thousands,301
1068,nuclear,301
1069,step,301
1070,kent,301
1071,prefer,301
1072,cs,301
1073,upgrade,301
1074,individuals,300
1075,stick,300
1076,atheist,300
1077,copies,300
1078,dealer,300
1079,ryan,300
1080,battery,300
1081,cancer,299
1082,absolute,299
1083,tx,299
1084,putting,299
1085,traffic,299
1086,defined,298
1087,42,298
1088,solar,298
1089,wings,298
1090,passed,297
1091,jobs,297
1092,moving,297
1093,fear,297
1094,weight,297
1095,mhz,297
1096,impossible,296
1097,table,296
1098,noticed,296
1099,thread,296
1100,hall,296
1101,bruce,296
1102,andy,296
1103,radar,296
1104,wide,295
1105,armed,295
1106,born,294
1107,keyboard,294
1108,messages,293
1109,additional,293
1110,rich,293
1111,communication,293
1112,kevin,293
1113,daniel,293
1114,cup,293
1115,azerbaijan,292
1116,possibility,292
1117,signal,292
1118,3rd,292
1119,expected,292
1120,satellite,292
1121,crypto,292
1122,bunch,291
1123,islamic,291
1124,quick,291
1125,motorola,291
1126,accepted,290
1127,random,290
1128,status,289
1129,math,288
1130,separate,288
1131,bios,287
1132,european,286
1133,training,286
1134,argue,286
1135,holocaust,285
1136,mountain,285
1137,failed,285
1138,trial,285
1139,easier,285
1140,creation,285
1141,highly,285
1142,review,284
1143,1988,284
1144,count,284
1145,meet,284
1146,font,284
1147,41,283
1148,race,283
1149,sciences,283
1150,msg,283
1151,external,283
1152,holy,283
1153,scripture,283
1154,express,283
1155,innocent,282
1156,conclusion,282
1157,document,282
1158,admit,282
1159,owners,282
1160,tech,282
1161,receive,282
1162,shots,282
1163,equal,282
1164,stephanopoulos,282
1165,larger,281
1166,resolution,281
1167,92,281
1168,morris,281
1169,daily,280
1170,town,280
1171,parents,280
1172,monitors,280
1173,electronics,280
1174,ad,279
1175,phil,279
1176,55.0,279
1177,transfer,278
1178,drop,278
1179,leaders,278
1180,description,278
1181,sky,278
1182,produce,278
1183,henry,278
1184,warrant,278
1185,flight,277
1186,rates,277
1187,functions,277
1188,versions,277
1189,flames,276
1190,taxes,276
1191,frame,276
1192,connection,276
1193,md,276
1194,potential,276
1195,soul,275
1196,macintosh,275
1197,english,274
1198,instance,274
1199,alive,273
1200,committed,273
1201,rochester,273
1202,degree,273
1203,magazine,273
1204,planet,273
1205,speaking,273
1206,pa,273
1207,aids,273
1208,408,273
1209,eternal,273
1210,detroit,273
1211,install,273
1212,simms,273
1213,escrow,273
1214,proposed,272
1215,knowing,272
1216,license,272
1217,dc,272
1218,attention,271
1219,parties,271
1220,nation,271
1221,attacks,271
1222,43,271
1223,fun,271
1224,electrical,271
1225,vehicle,271
1226,background,270
1227,summer,270
1228,yesterday,270
1229,believed,270
1230,missing,269
1231,ready,269
1232,flame,269
1233,spirit,268
1234,professor,268
1235,adam,268
1236,purchase,268
1237,tool,268
1238,tend,268
1239,stats,268
1240,activity,267
1241,espn,267
1242,lose,266
1243,properly,266
1244,role,266
1245,convention,266
1246,sign,265
1247,throw,265
1248,criminals,265
1249,agencies,265
1250,ball,265
1251,heat,265
1252,offers,265
1253,luck,265
1254,guest,265
1255,humans,265
1256,3.0,265
1257,escape,264
1258,accurate,264
1259,valid,264
1260,39,264
1261,documentation,264
1262,computers,264
1263,motherboard,264
1264,xterm,264
1265,archive,263
1266,eventually,263
1267,sunday,263
1268,catholic,263
1269,keeping,263
1270,century,262
1271,advantage,262
1272,wire,262
1273,mb,262
1274,rangers,262
1275,beat,261
1276,attitude,261
1277,intelligence,261
1278,davidians,261
1279,piece,260
1280,isa,260
1281,seattle,260
1282,brain,258
1283,leads,258
1284,purposes,258
1285,alternative,258
1286,allen,258
1287,jose,258
1288,audio,258
1289,mit,258
1290,bodies,257
1291,released,257
1292,circuit,257
1293,telephone,256
1294,applied,256
1295,discuss,256
1296,listen,256
1297,formats,256
1298,evolution,256
1299,troops,255
1300,cold,255
1301,existing,255
1302,determine,255
1303,compare,255
1304,changing,255
1305,pro,255
1306,billion,255
1307,75,255
1308,solid,254
1309,speech,254
1310,montreal,254
1311,boards,254
1312,clutch,254
1313,tony,254
1314,guide,253
1315,reach,253
1316,goals,253
1317,star,253
1318,methods,252
1319,51,252
1320,telling,252
1321,michigan,252
1322,nj,252
1323,ice,252
1324,pressure,251
1325,ontario,251
1326,louis,251
1327,remove,251
1328,clean,251
1329,meg,251
1330,heavy,250
1331,grant,250
1332,postings,250
1333,minor,250
1334,industry,250
1335,examples,250
1336,topic,250
1337,ted,250
1338,compatible,250
1339,braves,250
1340,sgi,250
1341,roads,249
1342,bank,249
1343,recognize,249
1344,cross,249
1345,penalty,249
1346,spacecraft,249
1347,biblical,249
1348,religions,249
1349,management,249
1350,typical,248
1351,carried,248
1352,german,248
1353,limit,248
1354,ford,248
1355,mistake,247
1356,news-software,247
1357,worst,247
1358,leafs,247
1359,historical,246
1360,watching,246
1361,spencer,246
1362,rom,246
1363,huge,245
1364,suggested,244
1365,florida,243
1366,debate,243
1367,character,243
1368,defend,243
1369,central,243
1370,officers,243
1371,waste,243
1372,weapon,243
1373,frank@d012s658.uucp,243
1374,clayton,243
1375,damn,242
1376,spent,242
1377,levels,242
1378,49,242
1379,domain,242
1380,denver,242
1381,hospital,241
1382,sick,241
1383,complex,241
1384,miller,241
1385,os,240
1386,lived,240
1387,movement,240
1388,advanced,240
1389,worry,240
1390,notes,240
1391,pl8,240
1392,editor,239
1393,vax/vms,239
1394,conditions,239
1395,wall,239
1396,fighting,238
1397,0500,238
1398,active,238
1399,temperature,238
1400,russia,237
1401,depends,237
1402,ps,237
1403,lie,236
1404,documents,236
1405,criminal,236
1406,helps,236
1407,46,236
1408,diego,236
1409,afraid,236
1410,starts,236
1411,eye,236
1412,eat,236
1413,operations,236
1414,damage,235
1415,sci,235
1416,connected,235
1417,atlanta,235
1418,economic,235
1419,statistics,235
1420,blame,235
1421,papers,235
1422,feeling,235
1423,strange,235
1424,douglas,235
1425,compression,235
1426,cryptography,235
1427,exact,234
1428,store,234
1429,riding,234
1430,minority,234
1431,students,234
1432,capable,234
1433,regard,234
1434,southern,233
1435,refer,233
1436,direction,233
1437,proposal,233
1438,load,233
1439,craig,233
1440,homosexuals,233
1441,x11r5,233
1442,drawing,232
1443,club,232
1444,martin,232
1445,broken,232
1446,48,232
1447,urbana,232
1448,shell,232
1449,feet,232
1450,extremely,232
1451,parallel,232
1452,update,232
1453,steven,231
1454,usual,231
1455,survivors,231
1456,zone,231
1457,missed,231
1458,fault,231
1459,ignore,231
1460,setup,231
1461,replace,231
1462,dark,230
1463,governments,230
1464,netnews,230
1465,256,230
1466,meeting,229
1467,marc,229
1468,positive,229
1469,cheers,229
1470,bet,229
1471,p.o,228
1472,hurt,228
1473,mellon,228
1474,70,228
1475,imho,228
1476,gods,228
1477,hd,228
1478,frequently,227
1479,brother,227
1480,carnegie,227
1481,tank,227
1482,dog,226
1483,violence,226
1484,association,226
1485,vancouver,226
1486,officials,226
1487,61,226
1488,generation,226
1489,authorities,225
1490,assault,225
1491,warning,225
1492,relevant,225
1493,hst,225
1494,correctly,224
1495,francisco,224
1496,june,224
1497,measure,224
1498,factor,224
1499,feature,224
1500,select,224
1501,mars,224
1502,sera@zuma.uucp,223
1503,location,223
1504,admin,223
1505,holes,223
1506,default,223
1507,ati,223
1508,lies,222
1509,develop,222
1510,astronomy,222
1511,91,222
1512,amiga,222
1513,deaths,221
1514,remain,221
1515,reaction,221
1516,cramer,221
1517,villages,220
1518,curious,220
1519,shooting,220
1520,distance,220
1521,waiting,220
1522,foundation,220
1523,doctrine,220
1524,xv,220
1525,expansion,219
1526,legitimate,219
1527,cheaper,219
1528,percentage,219
1529,budget,219
1530,automatic,219
1531,2.0,219
1532,va,219
1533,openwindows,219
1534,structure,218
1535,tanks,218
1536,abuse,218
1537,150,218
1538,excuse,218
1539,length,218
1540,raised,218
1541,export,218
1542,chemistry,218
1543,readers,217
1544,ancient,217
1545,nec,217
1546,funny,217
1547,holding,217
1548,host,217
1549,fuel,217
1550,engineer,216
1551,london,216
1552,happening,216
1553,male,216
1554,hearing,216
1555,fred,216
1556,edge,216
1557,packages,216
1558,militia,215
1559,nick,215
1560,boulder,215
1561,brown,214
1562,punishment,214
1563,replaced,214
1564,plans,214
1565,opposed,214
1566,pictures,214
1567,est,214
1568,johnson,214
1569,diet,214
1570,playoff,214
1571,acceptable,213
1572,surprised,213
1573,link,213
1574,400,213
1575,named,213
1576,tests,213
1577,philadelphia,213
1578,lunar,213
1579,shareware,213
1580,brad,212
1581,2.5,212
1582,success,212
1583,translation,212
1584,capital,212
1585,vnews,212
1586,netcom,212
1587,virtual,212
1588,nations,211
1589,threat,211
1590,quoted,211
1591,responses,211
1592,tells,211
1593,client,211
1594,draft,211
1595,civilians,210
1596,letters,210
1597,recommend,210
1598,lists,210
1599,operating,210
1600,minnesota,210
1601,interpretation,210
1602,honda,210
1603,leading,209
1604,auto,209
1605,edward,209
1606,ottawa,209
1607,minute,209
1608,worship,209
1609,differences,209
1610,music,209
1611,rock,209
1612,encrypted,209
1613,dec,208
1614,employer,208
1615,saved,208
1616,initial,208
1617,relationship,208
1618,followers,208
1619,items,208
1620,playoffs,208
1621,conflict,207
1622,plain,207
1623,organizations,207
1624,demand,207
1625,weak,207
1626,fixed,207
1627,marriage,207
1628,cops,207
1629,resource,207
1630,pixel,207
1631,blues,207
1632,davis,206
1633,assumption,206
1634,stopped,206
1635,persons,206
1636,announcement,206
1637,250,206
1638,diamond,206
1639,1989,205
1640,prior,205
1641,explanation,205
1642,surely,205
1643,usenet@news.cso.uiuc.edu,205
1644,forced,205
1645,winning,205
1646,kinds,205
1647,originally,205
1648,situations,205
1649,canadian,205
1650,raise,205
1651,pin,205
1652,reduce,205
1653,sandvik@newton.apple.com,205
1654,master,204
1655,village,204
1656,47,204
1657,guilty,204
1658,patrick,204
1659,libertarian,204
1660,opportunity,204
1661,doctors,204
1662,terminal,204
1663,cache,204
1664,standing,203
1665,floor,203
1666,rocket,203
1667,fired,203
1668,benefit,203
1669,decent,203
1670,primary,203
1671,discovered,203
1672,connect,203
1673,manner,202
1674,max,202
1675,tradition,202
1676,paying,202
1677,brand,202
1678,score,202
1679,visual,202
1680,claiming,201
1681,jerusalem,201
1682,council,201
1683,nazis,201
1684,boy,201
1685,walk,201
1686,ensure,201
1687,scheme,201
1688,annual,201
1689,motorcycle,201
1690,64,201
1691,rick,201
1692,wiretap,201
1693,nazi,200
1694,sweden,200
1695,centre,200
1696,session,200
1697,finding,200
1698,covered,200
1699,stanford,200
1700,anderson,200
1701,walker,200
1702,concern,200
1703,technologies,200
1704,vitamin,200
1705,consistent,199
1706,sending,199
1707,sports,199
1708,addresses,199
1709,sales,199
1710,discussed,199
1711,requirements,199
1712,button,199
1713,buffalo,199
1714,jehovah,199
1715,leader,198
1716,reliable,198
1717,baltimore,198
1718,pull,198
1719,gain,198
1720,registration,198
1721,wayne,198
1722,cal,198
1723,"alt.atheism,talk.religion.misc,talk.origins",198
1724,fail,197
1725,bosnia,197
1726,cities,197
1727,afford,197
1728,powerful,197
1729,academic,197
1730,distributed,197
1731,sig,197
1732,486,197
1733,familiar,196
1734,sitting,196
1735,essentially,196
1736,discussions,196
1737,japanese,196
1738,dollars,196
1739,backup,196
1740,database,196
1741,met,195
1742,observations,195
1743,columbia,195
1744,perfectly,195
1745,listed,195
1746,sample,195
1747,conversion,195
1748,houston,195
1749,sets,194
1750,jonathan,194
1751,learned,193
1752,shoot,193
1753,providing,193
1754,experiences,193
1755,island,193
1756,printing,193
1757,iii,193
1758,tear,193
1759,59,192
1760,1/2,192
1761,aaron,192
1762,berkeley,191
1763,lake,191
1764,perry,191
1765,rear,191
1766,matt,191
1767,quadra,191
1768,christopher,190
1769,enjoy,190
1770,proven,190
1771,configuration,190
1772,join,189
1773,burned,189
1774,secretary,189
1775,sufficient,189
1776,convex,189
1777,career,189
1778,checked,189
1779,utility,189
1780,comp,188
1781,logical,188
1782,track,188
1783,units,188
1784,established,188
1785,decisions,188
1786,judgement,187
1787,origin,187
1788,region,187
1789,palestinians,187
1790,funds,187
1791,53,187
1792,contrary,187
1793,talk.politics.misc,187
1794,flyers,187
1795,cdt,187
1796,satan,187
1797,istanbul,186
1798,culture,186
1799,pens,186
1800,birth,186
1801,degrees,186
1802,1000,186
1803,salt,186
1804,dale,186
1805,sea,185
1806,replies,185
1807,reasoning,185
1808,occur,185
1809,1.41,185
1810,lewis,185
1811,dealing,185
1812,solutions,185
1813,depending,185
1814,edition,185
1815,caught,185
1816,rid,185
1817,england,185
1818,55,185
1819,randy,185
1820,bytes,185
1821,x11,185
1822,equivalent,184
1823,credit,184
1824,aid,184
1825,circumstances,184
1826,stories,184
1827,impact,184
1828,carrying,184
1829,tested,184
1830,protected,184
1831,jr,184
1832,challenge,184
1833,bother,184
1834,produced,184
1835,commands,184
1836,ports,184
1837,intel,184
1838,passes,183
1839,victims,183
1840,hitting,183
1841,kings,183
1842,neutral,183
1843,adams,183
1844,lock,183
1845,scientists,183
1846,probe,183
1847,lawrence,183
1848,purdue,183
1849,menu,183
1850,toolkit,183
1851,stars,183
1852,pitching,183
1853,crimes,182
1854,journal,182
1855,hundreds,182
1856,burning,182
1857,republic,182
1858,variety,182
1859,liberty,182
1860,focus,182
1861,installation,182
1862,xt,182
1863,extermination,181
1864,palestine,181
1865,85,181
1866,greece,181
1867,signed,181
1868,announced,181
1869,schools,181
1870,65,181
1871,modes,181
1872,imaging,181
1873,serbs,180
1874,attempts,180
1875,organized,180
1876,visible,180
1877,director,180
1878,increased,180
1879,il,180
1880,irrelevant,180
1881,0700,180
1882,54,180
1883,santa,180
1884,livesey,180
1885,mormon,180
1886,gaza,179
1887,bush,179
1888,spring,179
1889,allowing,179
1890,channel,179
1891,bay,179
1892,removed,179
1893,shift,179
1894,sox,179
1895,stanley,179
1896,resistance,178
1897,wisdom,178
1898,failure,178
1899,deep,178
1900,apartment,178
1901,offered,178
1902,matters,178
1903,animals,178
1904,facility,178
1905,pl9,178
1906,border,177
1907,palestinian,177
1908,agreement,177
1909,theories,177
1910,sleep,177
1911,venus,177
1912,hour,177
1913,russell,177
1914,ticket,177
1915,repeat,176
1916,ignorance,176
1917,heads,176
1918,cool,176
1919,jew,176
1920,colour,176
1921,violent,176
1922,taught,176
1923,fundamental,176
1924,maintain,176
1925,transmission,176
1926,predictions,176
1927,newsletter,176
1928,centris,176
1929,sony,176
1930,"talk.abortion,alt.atheism,talk.religion.misc",176
1931,sit,175
1932,quotes,175
1933,talks,175
1934,returned,175
1935,defensive,175
1936,comparison,175
1937,literature,175
1938,item,175
1939,bug,175
1940,pray,175
1941,morals,175
1942,winnipeg,175
1943,pasadena,175
1944,processor,175
1945,mathew,175
1946,israelis,174
1947,millions,174
1948,shape,174
1949,remains,174
1950,maryland,174
1951,careful,174
1952,boxes,174
1953,wins,174
1954,displays,174
1955,frequency,174
1956,int,174
1957,puck,174
1958,sternlight,174
1959,candida,174
1960,suffering,173
1961,enter,173
1962,relative,173
1963,automatically,173
1964,microsystems,173
1965,biggest,173
1966,carl,173
1967,pdt,172
1968,massacre,172
1969,paragraph,172
1970,sad,172
1971,style,172
1972,senate,172
1973,investigation,172
1974,loaded,172
1975,wave,172
1976,p.s,172
1977,386,172
1978,tiff,172
1979,xview,172
1980,nntp,171
1981,push,171
1982,iran,171
1983,july,171
1984,roy,171
1985,56,171
1986,experiment,171
1987,kenneth,171
1988,production,171
1989,libraries,171
1990,89,171
1991,finland,171
1992,bikes,171
1993,livesey@solntze.wpd.sgi.com,171
1994,shit,170
1995,spot,170
1996,justify,170
1997,explained,170
1998,52,170
1999,learning,170
2000,gerald,170
2001,helpful,170
2002,wood,170
2003,feds,170
2004,honest,169
2005,forms,169
2006,presence,169
2007,figures,169
2008,irvine,169
2009,driven,169
2010,paint,169
2011,extended,169
2012,indiana,169
2013,suggestion,169
2014,split,169
2015,accuracy,169
2016,login,169
2017,jet,169
2018,cubs,169
2019,burns,169
2020,detector,169
2021,lying,168
2022,planning,168
2023,agreed,168
2024,closer,168
2025,unknown,168
2026,fields,168
2027,efforts,168
2028,helmet,168
2029,spending,168
2030,subjective,168
2031,verse,168
2032,destroyed,167
2033,lights,167
2034,appeared,167
2035,leaving,167
2036,rose,167
2037,senior,167
2038,experts,167
2039,techniques,167
2040,spread,167
2041,instruments,167
2042,assertion,167
2043,plenty,167
2044,dennis,167
2045,desktop,167
2046,adapter,167
2047,sharks,167
2048,shut,166
2049,target,166
2050,politics,166
2051,positions,166
2052,scale,166
2053,effectively,166
2054,66,166
2055,sam,166
2056,universal,166
2057,stone,166
2058,maximum,166
2059,handling,166
2060,3.5,166
2061,wiring,166
2062,jerry,166
2063,gamma,166
2064,suicide,165
2065,prepared,165
2066,clients,165
2067,france,165
2068,phill,165
2069,professional,165
2070,attorney,165
2071,occurs,165
2072,implementation,165
2073,motion,165
2074,boot,165
2075,on-line,165
2076,propulsion,165
2077,routines,165
2078,map,164
2079,arm,164
2080,picked,164
2081,served,164
2082,shared,164
2083,supposedly,164
2084,generate,164
2085,pope,164
2086,carefully,164
2087,shop,164
2088,karl,164
2089,testament,164
2090,settings,164
2091,tm,164
2092,lc,164
2093,revelation,164
2094,scored,164
2095,believes,163
2096,assumed,163
2097,caps,163
2098,ottoman,163
2099,rape,163
2100,content,163
2101,favor,163
2102,baby,163
2103,continued,163
2104,silly,163
2105,hewlett-packard,163
2106,viewer,163
2107,fee,163
2108,jets,163
2109,bruins,163
2110,widgets,163
2111,people's,162
2112,signature,162
2113,accounts,162
2114,incident,162
2115,japan,162
2116,ann,162
2117,panel,162
2118,turbo,162
2119,voltage,162
2120,gravity,162
2121,portable,162
2122,polygon,162
2123,rsa,162
2124,successful,161
2125,french,161
2126,purchased,161
2127,offensive,161
2128,1982,161
2129,policies,161
2130,citizen,161
2131,massachusetts,161
2132,stolen,161
2133,bigger,161
2134,calgary,161
2135,chuck,161
2136,motor,161
2137,utilities,161
2138,laser,161
2139,byte,161
2140,pitcher,161
2141,mouth,160
2142,lay,160
2143,stands,160
2144,pm,160
2145,convinced,160
2146,staff,160
2147,match,160
2148,cycle,160
2149,funding,160
2150,survey,160
2151,servers,160
2152,phones,160
2153,eisa,160
2154,davidian,159
2155,unable,159
2156,convince,159
2157,reached,159
2158,museum,159
2159,controlled,159
2160,churches,159
2161,planned,159
2162,ames,159
2163,friday,159
2164,tie,159
2165,instructions,159
2166,labs,159
2167,immoral,159
2168,reno,159
2169,det,159
2170,bd's,159
2171,procedure,158
2172,terrorism,158
2173,mechanism,158
2174,talked,158
2175,capability,158
2176,stuck,158
2177,observed,158
2178,vision,158
2179,requests,158
2180,ot,158
2181,plug,158
2182,extension,158
2183,kit,158
2184,geb@cs.pitt.edu,158
2185,referring,157
2186,propaganda,157
2187,philosophy,157
2188,represents,157
2189,dean,157
2190,agent,157
2191,components,157
2192,infection,157
2193,clark,157
2194,eastern,156
2195,referred,156
2196,1920,156
2197,granted,156
2198,managed,156
2199,glad,156
2200,hill,156
2201,reduced,156
2202,empire,156
2203,battle,156
2204,clinical,156
2205,imply,156
2206,tough,156
2207,seek,156
2208,resurrection,156
2209,86,156
2210,quebec,156
2211,ultra,156
2212,networks,156
2213,murray,156
2214,ethernet,156
2215,lebanon,155
2216,occupied,155
2217,jump,155
2218,athens,155
2219,core,155
2220,pts,155
2221,perspective,155
2222,albert,155
2223,believing,155
2224,aspects,155
2225,gear,155
2226,tapes,155
2227,58,155
2228,wheel,155
2229,pitch,155
2230,slower,155
2231,henry@zoo.toronto.edu,155
2232,wars,154
2233,elements,154
2234,fellow,154
2235,helped,154
2236,ethnic,154
2237,desire,154
2238,anthony,154
2239,greeks,154
2240,chief,154
2241,raid,154
2242,chapter,154
2243,atmosphere,154
2244,luke,154
2245,memorial,153
2246,checking,153
2247,notion,153
2248,dictionary,153
2249,mathematics,153
2250,collection,153
2251,chemical,153
2252,jersey,153
2253,mirror,153
2254,jones,153
2255,nc,153
2256,connector,153
2257,stage,152
2258,fourth,152
2259,february,152
2260,exercise,152
2261,applies,152
2262,liberal,152
2263,union,152
2264,orthodox,152
2265,kingdom,152
2266,officer,152
2267,confused,152
2268,teach,152
2269,iowa,152
2270,rider,152
2271,vesa,152
2272,answered,151
2273,72,151
2274,deny,151
2275,wild,151
2276,register,151
2277,speeds,151
2278,storage,151
2279,echo,151
2280,symptoms,151
2281,grace,151
2282,harry,150
2283,lebanese,150
2284,stealth,150
2285,understood,150
2286,treated,150
2287,represent,150
2288,principle,150
2289,scientist,150
2290,adding,150
2291,chain,150
2292,manuals,150
2293,saves,150
2294,ring,150
2295,accident,150
2296,barry,150
2297,fails,150
2298,corner,150
2299,pit,150
2300,romans,150
2301,cd-rom,150
2302,engines,150
2303,testing,150
2304,scoring,150
2305,verses,150
2306,canon,150
2307,elohim,150
2308,december,149
2309,azeri,149
2310,educational,149
2311,visit,149
2312,truck,149
2313,determined,149
2314,surprise,149
2315,grand,149
2316,cursor,149
2317,gonna,149
2318,dealers,149
2319,bos,149
2320,amateur,149
2321,linux,149
2322,planetary,149
2323,1983,148
2324,neighbors,148
2325,hitler,148
2326,exchange,148
2327,characters,148
2328,touch,148
2329,em,148
2330,schedule,148
2331,improve,148
2332,bitnet,148
2333,perform,148
2334,tires,148
2335,stereo,148
2336,specs,148
2337,hits,148
2338,animation,148
2339,1919,147
2340,relations,147
2341,supreme,147
2342,practical,147
2343,fund,147
2344,foot,147
2345,equally,147
2346,metal,147
2347,reflect,147
2348,chosen,147
2349,harm,147
2350,utah,147
2351,ass,147
2352,patient,147
2353,platforms,147
2354,algorithms,147
2355,divine,146
2356,proceeded,146
2357,terrorist,146
2358,catch,146
2359,chances,146
2360,compromise,146
2361,crazy,146
2362,useless,146
2363,votes,146
2364,simon,146
2365,scores,146
2366,lucky,146
2367,supporting,146
2368,treat,146
2369,replacement,146
2370,usage,146
2371,spiritual,146
2372,candidates,146
2373,affect,146
2374,records,146
2375,superior,146
2376,patch,146
2377,vlb,146
2378,azerbaijani,145
2379,intelligent,145
2380,traditional,145
2381,northern,145
2382,intent,145
2383,amazing,145
2384,so-called,145
2385,wear,145
2386,dogs,145
2387,71,145
2388,contract,145
2389,global,145
2390,devils,145
2391,fat,145
2392,1.2,145
2393,svga,145
2394,sunos,145
2395,coach,145
2396,thrown,144
2397,solve,144
2398,drink,144
2399,destruction,144
2400,forgot,144
2401,movie,144
2402,fly,144
2403,danger,144
2404,feed,144
2405,existed,144
2406,copyright,144
2407,interactive,144
2408,cellular,144
2409,amp,144
2410,apps,144
2411,messiah,144
2412,clh,144
2413,performed,143
2414,wise,143
2415,principles,143
2416,stream,143
2417,buffer,143
2418,august,143
2419,introduction,143
2420,angels,143
2421,rise,143
2422,archives,143
2423,camera,143
2424,selected,143
2425,francis,143
2426,ranch,143
2427,jays,143
2428,ripem,143
2429,yeast,143
2430,israel's,142
2431,contents,142
2432,crowd,142
2433,daughter,142
2434,strip,142
2435,cnn,142
2436,tonight,142
2437,roman,142
2438,88,142
2439,chose,142
2440,flat,142
2441,flying,142
2442,offense,142
2443,classic,142
2444,packet,142
2445,giants,142
2446,seat,142
2447,ac,142
2448,missions,142
2449,accelerator,142
2450,chi,142
2451,1.0,142
2452,belong,141
2453,sentence,141
2454,projects,141
2455,grounds,141
2456,impression,141
2457,membership,141
2458,conversation,141
2459,surrender,141
2460,numerous,141
2461,gold,141
2462,consequences,141
2463,tor,141
2464,permission,141
2465,800,141
2466,insert,141
2467,platform,141
2468,null,141
2469,bugs,141
2470,swap,141
2471,protocol,141
2472,scsi-2,141
2473,root,140
2474,wearing,140
2475,teaching,140
2476,stock,140
2477,hallam-baker,140
2478,campaign,140
2479,saturday,140
2480,57,140
2481,manufacturers,140
2482,phrase,140
2483,stored,140
2484,recommended,140
2485,i/o,140
2486,mov,140
2487,huh,139
2488,bosnian,139
2489,critical,139
2490,burden,139
2491,eating,139
2492,materials,139
2493,economy,139
2494,conclusions,139
2495,wind,139
2496,plastic,139
2497,classified,139
2498,developing,139
2499,saturn,139
2500,loop,139
2501,slot,139
2502,modified,138
2503,harvard,138
2504,constant,138
2505,passage,138
2506,associate,138
2507,burn,138
2508,progress,138
2509,mask,138
2510,reform,138
2511,rational,138
2512,consideration,138
2513,se,138
2514,batteries,138
2515,2.2,138
2516,janet,138
2517,vram,138
2518,app,138
2519,xlib,138
2520,bomb,137
2521,generated,137
2522,extent,137
2523,600,137
2524,prime,137
2525,1987,137
2526,detailed,137
2527,pool,137
2528,graham,137
2529,32-bit,137
2530,hitter,137
2531,islanders,137
2532,cultural,136
2533,destroy,136
2534,terrible,136
2535,broke,136
2536,refused,136
2537,printed,136
2538,formed,136
2539,creating,136
2540,plane,136
2541,skin,136
2542,authors,136
2543,assembly,136
2544,wa,136
2545,zealand,136
2546,sins,136
2547,rush,136
2548,dick,136
2549,wilson,136
2550,hiv,136
2551,tomorrow,135
2552,famous,135
2553,holds,135
2554,duty,135
2555,suddenly,135
2556,minds,135
2557,owned,135
2558,measures,135
2559,negative,135
2560,justification,135
2561,charges,135
2562,dropped,135
2563,joke,135
2564,smoke,135
2565,weird,135
2566,favorite,135
2567,jackson,135
2568,territory,134
2569,civilian,134
2570,glory,134
2571,terrorists,134
2572,bar,134
2573,era,134
2574,finish,134
2575,81,134
2576,finger,134
2577,artificial,134
2578,bureau,134
2579,super,134
2580,95,134
2581,laboratories,134
2582,task,134
2583,falls,134
2584,traded,134
2585,241-9760,134
2586,string,134
2587,wonderful,134
2588,brett,134
2589,ab,134
2590,binary,134
2591,cobb,134
2592,neighbor,133
2593,factors,133
2594,crap,133
2595,promise,133
2596,minimum,133
2597,sorts,133
2598,sport,133
2599,silver,133
2600,prayer,133
2601,controls,133
2602,malcolm,133
2603,band,133
2604,nra,133
2605,plays,133
2606,ra,133
2607,occupation,132
2608,commit,132
2609,attacked,132
2610,flow,132
2611,deserve,132
2612,dream,132
2613,finished,132
2614,bases,132
2615,trip,132
2616,tickets,132
2617,ut,132
2618,observation,132
2619,blow,132
2620,sector,132
2621,richardson,132
2622,ga,132
2623,bobby,132
2624,batting,132
2625,drag,131
2626,x-soviet,131
2627,chronic,131
2628,continues,131
2629,involve,131
2630,attached,131
2631,incorrect,131
2632,virtually,131
2633,fool,131
2634,located,131
2635,passing,131
2636,exception,131
2637,limits,131
2638,listening,131
2639,sequence,131
2640,quit,131
2641,acid,131
2642,technique,131
2643,screw,131
2644,detectors,131
2645,fpu,131
2646,compressed,131
2647,koresh's,131
2648,todd,130
2649,humanity,130
2650,hide,130
2651,4th,130
2652,democratic,130
2653,discussing,130
2654,tuesday,130
2655,ridiculous,130
2656,penalties,130
2657,continuing,130
2658,campus,130
2659,legally,130
2660,cash,130
2661,carolina,130
2662,vehicles,130
2663,sean,130
2664,brent,130
2665,telescope,130
2666,marketing,130
2667,hypothesis,130
2668,24-bit,130
2669,allan,130
2670,ignorant,129
2671,minister,129
2672,pair,129
2673,hoping,129
2674,apparent,129
2675,wisconsin,129
2676,newspaper,129
2677,witnesses,129
2678,crash,129
2679,extreme,129
2680,married,129
2681,tree,129
2682,weekend,129
2683,entries,129
2684,5.0,129
2685,sandvik,129
2686,halat,129
2687,phillies,129
2688,suit,128
2689,pure,128
2690,nonsense,128
2691,describes,128
2692,practices,128
2693,temple,128
2694,guarantee,128
2695,concerns,128
2696,suffer,128
2697,concrete,128
2698,pattern,128
2699,cat,128
2700,macs,128
2701,firearm,128
2702,democracy,127
2703,hebrew,127
2704,ar,127
2705,pieces,127
2706,carter,127
2707,girls,127
2708,quiet,127
2709,smart,127
2710,powers,127
2711,nelson,127
2712,76,127
2713,odd,127
2714,penguins,127
2715,dont,127
2716,reverse,127
2717,pennsylvania,127
2718,thursday,127
2719,hopkins,127
2720,2.1,127
2721,tube,127
2722,timothy,127
2723,atoms,127
2724,b.c,126
2725,establish,126
2726,permanent,126
2727,pete,126
2728,awful,126
2729,1986,126
2730,alexander,126
2731,82,126
2732,lady,126
2733,warranty,126
2734,tommy,126
2735,identify,125
2736,baku,125
2737,cares,125
2738,violation,125
2739,informed,125
2740,brake,125
2741,today's,125
2742,87,125
2743,severe,125
2744,causing,125
2745,appearance,125
2746,arizona,125
2747,idle,125
2748,vertical,125
2749,adobe,125
2750,diseases,125
2751,nyi,125
2752,oregon,124
2753,identical,124
2754,brothers,124
2755,repeated,124
2756,houses,124
2757,ship,124
2758,cells,124
2759,compuserve,124
2760,laugh,124
2761,stratus,124
2762,expires,124
2763,pl6,124
2764,silicon,124
2765,min,124
2766,gospel,124
2767,cobb@alexia.lis.uiuc.edu,124
2768,ohanus,123
2769,regional,123
2770,breaking,123
2771,header,123
2772,blind,123
2773,hotel,123
2774,monday,123
2775,recognized,123
2776,electric,123
2777,temporary,123
2778,converted,123
2779,remaining,123
2780,selection,123
2781,sake,123
2782,bullets,123
2783,horizon,123
2784,speakers,123
2785,broadcast,123
2786,suite,123
2787,county,123
2788,bat,123
2789,mag,123
2790,mario,123
2791,zoology,123
2792,x11r4,123
2793,precisely,122
2794,strike,122
2795,injuries,122
2796,68,122
2797,experimental,122
2798,square,122
2799,howard,122
2800,suggests,122
2801,hidden,122
2802,strategy,122
2803,programmer,122
2804,essential,122
2805,converting,122
2806,norway,122
2807,trick,122
2808,subscribe,122
2809,alcohol,122
2810,nubus,122
2811,modems,122
2812,goalie,122
2813,comics,122
2814,suffered,121
2815,revealed,121
2816,appressian,121
2817,120,121
2818,initiative,121
2819,travel,121
2820,guaranteed,121
2821,viewing,121
2822,sells,121
2823,losing,121
2824,portion,121
2825,workstations,121
2826,63,121
2827,film,121
2828,pins,121
2829,fallacy,121
2830,syndrome,121
2831,competition,120
2832,hatred,120
2833,planes,120
2834,doors,120
2835,fell,120
2836,letting,120
2837,labor,120
2838,amounts,120
2839,ministry,120
2840,filled,120
2841,quantum,120
2842,taste,120
2843,rare,120
2844,captain,120
2845,pulled,120
2846,behaviour,120
2847,abc,120
2848,signals,120
2849,animal,120
2850,printers,120
2851,demo,120
2852,bitmap,120
2853,planets,120
2854,theism,120
2855,satellites,120
2856,entered,119
2857,assistance,119
2858,pushed,119
2859,construction,119
2860,tied,119
2861,reject,119
2862,forum,119
2863,complicated,119
2864,refuse,119
2865,issued,119
2866,observer,119
2867,registered,119
2868,centers,119
2869,discrimination,119
2870,conservative,119
2871,tapped,119
2872,ms-dos,119
2873,access.digex.net,119
2874,mets,119
2875,cipher,119
2876,friendly,118
2877,tired,118
2878,borders,118
2879,bound,118
2880,workers,118
2881,leadership,118
2882,attempting,118
2883,revolution,118
2884,implemented,118
2885,implement,118
2886,massive,118
2887,jan,118
2888,67,118
2889,ban,118
2890,justified,118
2891,expert,118
2892,closely,118
2893,legislation,118
2894,definitions,118
2895,mental,118
2896,jay,118
2897,depth,118
2898,topics,118
2899,blah,118
2900,sabbath,118
2901,toyota,118
2902,photography,118
2903,stan,118
2904,ahl,118
2905,govt,117
2906,evening,117
2907,watched,117
2908,television,117
2909,mistakes,117
2910,drawn,117
2911,78,117
2912,firm,117
2913,combination,117
2914,representatives,117
2915,leaves,117
2916,properties,117
2917,beach,117
2918,rely,117
2919,mechanical,117
2920,routine,117
2921,dry,117
2922,weather,117
2923,williams,117
2924,ye,117
2925,derek,117
2926,wright,117
2927,objectively,117
2928,bmp,117
2929,covenant,116
2930,depend,116
2931,opposition,116
2932,karabakh,116
2933,arguing,116
2934,conduct,116
2935,sept,116
2936,freely,116
2937,ve,116
2938,circle,116
2939,witness,116
2940,complaints,116
2941,capabilities,116
2942,phase,116
2943,vms,116
2944,forsale,116
2945,0600,116
2946,duo,116
2947,eff,116
2948,genesis,116
2949,sabres,116
2950,buf,116
2951,crack,115
2952,feelings,115
2953,netters,115
2954,spoke,115
2955,u.s.a,115
2956,feels,115
2957,spare,115
2958,josh,115
2959,beta,115
2960,filter,115
2961,milwaukee,115
2962,8-bit,115
2963,quicktime,115
2964,6.0,115
2965,compile,115
2966,1.00,115
2967,rawlins,115
2968,handgun,115
2969,cramer@optilink.com,115
2970,xfree86,115
2971,zionist,114
2972,sahak,114
2973,melkonian,114
2974,families,114
2975,inhabitants,114
2976,survive,114
2977,implies,114
2978,gulf,114
2979,mathematical,114
2980,warren,114
2981,mexico,114
2982,receiver,114
2983,intend,114
2984,hmmm,114
2985,incorporated,114
2986,ave,114
2987,dma,114
2988,teachings,114
2989,elected,113
2990,soc.culture.turkish,113
2991,territories,113
2992,guard,113
2993,operator,113
2994,preferred,113
2995,reads,113
2996,scan,113
2997,investment,113
2998,snow,113
2999,purely,113
3000,threw,113
3001,advertising,113
3002,harder,113
3003,evans,113
3004,pitchers,113
3005,ozone,113
3006,salvation,113
3007,3.00,113
3008,manipulation,113
3009,murdered,112
3010,signs,112
3011,mamma,112
3012,husband,112
3013,heck,112
3014,girl,112
3015,classes,112
3016,improvement,112
3017,regularly,112
3018,unique,112
3019,73,112
3020,combined,112
3021,x-disclaimer,112
3022,victoria,112
3023,parent,112
3024,stable,112
3025,repair,112
3026,bonds,112
3027,manufacturer,112
3028,vary,112
3029,scheduled,112
3030,tektronix,112
3031,hudson,112
3032,gregg,112
3033,oracle,112
3034,log,112
3035,proved,111
3036,promised,111
3037,supporters,111
3038,native,111
3039,grow,111
3040,occurred,111
3041,optional,111
3042,highway,111
3043,chinese,111
3044,rev,111
3045,typically,111
3046,comprehensive,111
3047,surgery,111
3048,mustang,111
3049,dallas,111
3050,gene,111
3051,listing,111
3052,edmonton,111
3053,415,111
3054,tower,111
3055,creationism,111
3056,orbital,111
3057,hulk,111
3058,attacking,110
3059,naval,110
3060,62,110
3061,mutual,110
3062,influence,110
3063,freeman,110
3064,ira,110
3065,benefits,110
3066,paranoid,110
3067,sp,110
3068,bright,110
3069,reader,110
3070,prison,110
3071,yassin,110
3072,84,110
3073,confusion,110
3074,growth,110
3075,sections,110
3076,rendering,110
3077,concepts,110
3078,horizontal,110
3079,visualization,110
3080,infinite,110
3081,disciples,110
3082,colormap,110
3083,nose,109
3084,removing,109
3085,worried,109
3086,writer,109
3087,1.5,109
3088,rarely,109
3089,election,109
3090,agenda,109
3091,else's,109
3092,october,109
3093,royal,109
3094,arrest,109
3095,beer,109
3096,steps,109
3097,manage,109
3098,raw,109
3099,roughly,109
3100,passages,109
3101,hughes,109
3102,hawks,109
3103,avenue,109
3104,hacker,109
3105,exploration,109
3106,pop,109
3107,unusual,109
3108,magic,109
3109,patches,109
3110,baptism,109
3111,jupiter,109
3112,comet,109
3113,launched,108
3114,slaughter,108
3115,beautiful,108
3116,throwing,108
3117,beating,108
3118,serves,108
3119,receiving,108
3120,valuable,108
3121,participate,108
3122,honor,108
3123,clue,108
3124,restrictions,108
3125,hmm,108
3126,maynard,108
3127,feb,108
3128,pack,108
3129,wires,108
3130,workstation,108
3131,kid,108
3132,rogers,108
3133,bryan,108
3134,pixels,108
3135,mathew@mantis.co.uk,108
3136,20.00,108
3137,upper,107
3138,russians,107
3139,strength,107
3140,azeris,107
3141,realized,107
3142,predict,107
3143,experienced,107
3144,ordinary,107
3145,compiled,107
3146,dying,107
3147,fits,107
3148,enemy,107
3149,explicitly,107
3150,bullet,107
3151,130,107
3152,introduced,107
3153,sb,107
3154,busy,107
3155,naturally,107
3156,plate,107
3157,oklahoma,107
3158,mount,107
3159,shaft,107
3160,talent,107
3161,availability,107
3162,timing,107
3163,po,107
3164,component,107
3165,610,107
3166,norton,107
3167,schneider,107
3168,stl,107
3169,handguns,107
3170,covington,107
3171,directed,106
3172,nyc,106
3173,mitchell,106
3174,january,106
3175,deals,106
3176,route,106
3177,appeal,106
3178,testimony,106
3179,announcing,106
3180,arbitrary,106
3181,libertarians,106
3182,ross,106
3183,alleged,106
3184,edit,106
3185,updated,106
3186,meaningless,106
3187,efficient,106
3188,anonymity,106
3189,norman,106
3190,div,106
3191,andre,106
3192,powerbook,106
3193,simm,106
3194,holland,106
3195,river,105
3196,loose,105
3197,independence,105
3198,expression,105
3199,secular,105
3200,comparable,105
3201,mi,105
3202,77,105
3203,1980,105
3204,element,105
3205,horrible,105
3206,charged,105
3207,industrial,105
3208,fiction,105
3209,79,105
3210,arrogance,105
3211,detect,105
3212,bandwidth,105
3213,balls,105
3214,stewart,105
3215,choices,105
3216,switzerland,105
3217,sparc,105
3218,produces,105
3219,irq,105
3220,char,105
3221,parameters,105
3222,adaptec,105
3223,lemieux,105
3224,improved,104
3225,achieve,104
3226,sumgait,104
3227,affairs,104
3228,le,104
3229,danny,104
3230,stood,104
3231,infrastructure,104
3232,700,104
3233,83,104
3234,05,104
3235,constitutional,104
3236,involves,104
3237,vast,104
3238,stupidity,104
3239,complain,104
3240,kidney,104
3241,pacific,104
3242,voting,104
3243,linked,104
3244,vendors,104
3245,ideal,104
3246,increases,104
3247,facilities,104
3248,bag,104
3249,injury,104
3250,rice,104
3251,alot,104
3252,iisi,104
3253,tb,104
3254,scriptures,104
3255,bd,104
3256,dividian,104
3257,xdm,104
3258,prince,103
3259,news@anatolia.org,103
3260,codes,103
3261,plant,103
3262,arrived,103
3263,entitled,103
3264,valley,103
3265,consent,103
3266,conversations,103
3267,bradley,103
3268,absurd,103
3269,suck,103
3270,mar,103
3271,hess,103
3272,requested,103
3273,operate,103
3274,gee,103
3275,delivery,103
3276,commonly,103
3277,publicly,103
3278,correction,103
3279,stronger,103
3280,analog,103
3281,tire,103
3282,variable,103
3283,gl,103
3284,radiation,103
3285,ama,103
3286,cornell,103
3287,infections,103
3288,benedikt,103
3289,tobacco,103
3290,tavares,103
3291,foods,103
3292,wolverine,103
3293,denied,102
3294,derived,102
3295,gang,102
3296,henrik,102
3297,3000,102
3298,theodore,102
3299,wednesday,102
3300,assert,102
3301,biased,102
3302,ankara,102
3303,conclude,102
3304,dust,102
3305,environmental,102
3306,executive,102
3307,aircraft,102
3308,man's,102
3309,seeking,102
3310,category,102
3311,contest,102
3312,corporate,102
3313,06,102
3314,partners,102
3315,atomic,102
3316,94,102
3317,dollar,102
3318,easter,102
3319,suitable,102
3320,probes,102
3321,lane,102
3322,winner,102
3323,terry,102
3324,hook,102
3325,virus,102
3326,texts,102
3327,strnlght@netcom.com,102
3328,jake,101
3329,invasion,101
3330,rocks,101
3331,november,101
3332,eh,101
3333,junk,101
3334,female,101
3335,victim,101
3336,1985,101
3337,sir,101
3338,incredibly,101
3339,ian,101
3340,trials,101
3341,golden,101
3342,contained,101
3343,analogy,101
3344,nuntius,101
3345,einstein,101
3346,switches,101
3347,mercury,101
3348,procedures,101
3349,antenna,101
3350,650,101
3351,loving,101
3352,risc,101
3353,gui,101
3354,r5,101
3355,strictly,100
3356,dispute,100
3357,communities,100
3358,rejected,100
3359,expose,100
3360,jefferson,100
3361,ct,100
3362,substance,100
3363,interpret,100
3364,photo,100
3365,walking,100
3366,alternatives,100
3367,arrogant,100
3368,priest,100
3369,submit,100
3370,x-useragent,100
3371,prophet,100
3372,ascii,100
3373,irrational,100
3374,erik,100
3375,beast,100
3376,capacity,100
3377,built-in,100
3378,hal,100
3379,export.lcs.mit.edu,100
3380,cite,99
3381,species,99
3382,height,99
3383,distinction,99
3384,cyprus,99
3385,boys,99
3386,responding,99
3387,69,99
3388,minorities,99
3389,whatsoever,99
3390,accepting,99
3391,conventional,99
3392,cook,99
3393,biology,99
3394,psychology,99
3395,sessions,99
3396,healthy,99
3397,identified,99
3398,ia,99
3399,iv,99
3400,displayed,99
3401,collins,99
3402,upset,99
3403,seats,99
3404,ratio,99
3405,v6,99
3406,consensus,99
3407,arbor,99
3408,deskjet,99
3409,hamilton,99
3410,cdt@sw.stratus.com,99
3411,s1,99
3412,key-escrow,99
3413,aspect,98
3414,kurds,98
3415,premise,98
3416,ya,98
3417,identity,98
3418,samuel,98
3419,relief,98
3420,writings,98
3421,cooperation,98
3422,firing,98
3423,silence,98
3424,income,98
3425,bombing,98
3426,subjects,98
3427,regulations,98
3428,buildings,98
3429,forcing,98
3430,dozen,98
3431,burst,98
3432,speaker,98
3433,ss,98
3434,observe,98
3435,contribute,98
3436,grenades,98
3437,cell,98
3438,rushdie,98
3439,extensive,98
3440,dreams,98
3441,impressed,98
3442,abortions,98
3443,crew,98
3444,radius,98
3445,si,98
3446,converter,98
3447,module,98
3448,scanner,98
3449,password,98
3450,5.00,98
3451,veal,98
3452,egypt,97
3453,jumper,97
3454,courts,97
3455,acting,97
3456,sincerely,97
3457,widespread,97
3458,balance,97
3459,licensed,97
3460,increasing,97
3461,cuts,97
3462,grey,97
3463,custom,97
3464,617,97
3465,commitment,97
3466,permit,97
3467,99,97
3468,stat,97
3469,hints,97
3470,farm,97
3471,probability,97
3472,customers,97
3473,ms-windows,97
3474,wounded,96
3475,insist,96
3476,iraq,96
3477,publication,96
3478,azerbaijanis,96
3479,syria,96
3480,hang,96
3481,protecting,96
3482,sc,96
3483,literally,96
3484,tactics,96
3485,responded,96
3486,gregory,96
3487,fish,96
3488,britain,96
3489,bed,96
3490,constantly,96
3491,neil,96
3492,describing,96
3493,adults,96
3494,incredible,96
3495,mo,96
3496,alberta,96
3497,instrument,96
3498,installing,96
3499,waterloo,96
3500,instruction,96
3501,ghost,96
3502,15.00,96
3503,selanne,96
3504,therapy,96
3505,targets,95
3506,loved,95
3507,intellectual,95
3508,brings,95
3509,africa,95
3510,figured,95
3511,scope,95
3512,blocks,95
3513,indians,95
3514,spectrum,95
3515,emphasis,95
3516,mix,95
3517,sensitive,95
3518,cables,95
3519,annoying,95
3520,sheet,95
3521,inches,95
3522,penn,95
3523,taylor,95
3524,je,95
3525,conner,95
3526,rm,95
3527,circuits,95
3528,relativism,95
3529,hicnet,95
3530,repeatedly,94
3531,minimal,94
3532,knock,94
3533,charlie,94
3534,centuries,94
3535,sensitivity,94
3536,approaches,94
3537,criteria,94
3538,homes,94
3539,adl,94
3540,posters,94
3541,outlets,94
3542,lawyer,94
3543,substantial,94
3544,molecular,94
3545,confusing,94
3546,blessed,94
3547,cited,94
3548,magazines,94
3549,rent,94
3550,ultimate,94
3551,recommendations,94
3552,intergraph,94
3553,acceptance,94
3554,domestic,94
3555,bc,94
3556,dakota,94
3557,catalog,94
3558,cincinnati,94
3559,tap,94
3560,gt,94
3561,sho,94
3562,286,94
3563,racism,93
3564,engaged,93
3565,ben,93
3566,soft,93
3567,adult,93
3568,growing,93
3569,tiny,93
3570,bias,93
3571,maintenance,93
3572,cloud,93
3573,dialog,93
3574,void,93
3575,sharp,93
3576,brakes,93
3577,demonstrated,93
3578,hr,93
3579,reds,93
3580,vice,93
3581,mileage,93
3582,polytechnic,93
3583,mph,93
3584,ag,93
3585,4.0,93
3586,bucks,93
3587,modify,93
3588,morgan,93
3589,linear,93
3590,graphic,93
3591,theology,93
3592,dee,93
3593,dc-x,93
3594,slave,92
3595,significance,92
3596,hair,92
3597,mess,92
3598,violations,92
3599,steel,92
3600,bullshit,92
3601,uniform,92
3602,liar,92
3603,interference,92
3604,bull,92
3605,largest,92
3606,officially,92
3607,plot,92
3608,orientation,92
3609,harmful,92
3610,promote,92
3611,x-xxdate,92
3612,processes,92
3613,indication,92
3614,harvey,92
3615,spec,92
3616,timer,92
3617,angle,92
3618,disclaimers,92
3619,jpl,92
3620,fischer,92
3621,yankees,92
3622,lindros,92
3623,gld@cunixb.cc.columbia.edu,92
3624,news@athena.mit.edu,92
3625,youth,91
3626,refers,91
3627,switching,91
3628,wing,91
3629,helping,91
3630,babies,91
3631,joint,91
3632,moves,91
3633,wow,91
3634,conspiracy,91
3635,coast,91
3636,prevented,91
3637,examine,91
3638,fort,91
3639,idiot,91
3640,310,91
3641,pirates,91
3642,slowly,91
3643,ignoring,91
3644,stones,91
3645,inch,91
3646,consulting,91
3647,phenomena,91
3648,array,91
3649,thermal,91
3650,startup,91
3651,logo,91
3652,delaware,91
3653,clone,91
3654,24bit,91
3655,maynard@ramsey.cs.laurentian.ca,91
3656,00,91
3657,mere,90
3658,garbage,90
3659,dbd@urartu.sdpa.org,90
3660,peaceful,90
3661,risks,90
3662,nearby,90
3663,winter,90
3664,scene,90
3665,personnel,90
3666,roll,90
3667,nyx,90
3668,encourage,90
3669,badly,90
3670,masses,90
3671,dirty,90
3672,violated,90
3673,representative,90
3674,walls,90
3675,shadow,90
3676,senator,90
3677,italy,90
3678,aka,90
3679,intellect,90
3680,clinic,90
3681,digest,90
3682,kinda,90
3683,mystery,90
3684,consists,90
3685,smooth,90
3686,dumb,90
3687,ham,90
3688,icon,90
3689,hendricks,90
3690,oilers,90
3691,gilmour,90
3692,phigs,90
3693,ownership,89
3694,comfortable,89
3695,anger,89
3696,warm,89
3697,moscow,89
3698,virgin,89
3699,attempted,89
3700,searching,89
3701,comparing,89
3702,addressed,89
3703,flash,89
3704,ba,89
3705,remarks,89
3706,dir,89
3707,biological,89
3708,mad,89
3709,singer,89
3710,emotional,89
3711,bursts,89
3712,physician,89
3713,wheels,89
3714,neat,89
3715,cc,89
3716,cooling,89
3717,lciii,89
3718,megs,89
3719,raster,89
3720,roberts,89
3721,glenn,89
3722,readme,89
3723,theists,89
3724,plaintext,89
3725,1qvfik$6rf@usenet.ins.cwru.edu,89
3726,stating,88
3727,jordan,88
3728,ruled,88
3729,struggle,88
3730,moslem,88
3731,contradiction,88
3732,graduate,88
3733,escaped,88
3734,maintained,88
3735,refugees,88
3736,fires,88
3737,catholics,88
3738,arthur,88
3739,injured,88
3740,returns,88
3741,mile,88
3742,candidate,88
3743,criticism,88
3744,interview,88
3745,documented,88
3746,arithmetic,88
3747,researchers,88
3748,exhaust,88
3749,walked,88
3750,angry,88
3751,usenet@mnemosyne.cs.du.edu,88
3752,imo,88
3753,isbn,88
3754,telecom,88
3755,curve,88
3756,enhanced,88
3757,kansas,88
3758,fox,88
3759,socket,88
3760,atmospheric,88
3761,pcs,88
3762,inet,88
3763,kmr4@po.cwru.edu,88
3764,prediction,88
3765,standings,88
3766,fancy,87
3767,moses,87
3768,zionism,87
3769,september,87
3770,glass,87
3771,iron,87
3772,hung,87
3773,pushing,87
3774,clinton's,87
3775,remind,87
3776,universities,87
3777,conducted,87
3778,remark,87
3779,horse,87
3780,tight,87
3781,telecommunications,87
3782,frames,87
3783,interrupt,87
3784,gcc,87
3785,devil,87
3786,pad,87
3787,rotation,87
3788,cure,87
3789,v.32bis,87
3790,ralph,87
3791,pds,87
3792,compiler,87
3793,nl,87
3794,wishes,86
3795,trained,86
3796,shouting,86
3797,tragedy,86
3798,capture,86
3799,grab,86
3800,outcome,86
3801,blank,86
3802,judaism,86
3803,inherent,86
3804,surrounding,86
3805,exposure,86
3806,designs,86
3807,covers,86
3808,drinking,86
3809,screwed,86
3810,exit,86
3811,funded,86
3812,magnetic,86
3813,rockets,86
3814,speculation,86
3815,year's,86
3816,liberties,86
3817,impressive,86
3818,steering,86
3819,russ,86
3820,alpha,86
3821,rgb,86
3822,josephus,86
3823,interpretations,86
3824,s2,86
3825,surveillance,86
3826,nichols,86
3827,clemens,86
3828,campbell,86
3829,hartford,86
3830,jfif,86
3831,uh,85
3832,sight,85
3833,desk,85
3834,blown,85
3835,dirt,85
3836,gift,85
3837,involving,85
3838,contrast,85
3839,steal,85
3840,difficulty,85
3841,celebrate,85
3842,consumer,85
3843,verify,85
3844,cutting,85
3845,dedicated,85
3846,commandments,85
3847,marked,85
3848,cleaning,85
3849,pounds,85
3850,mounted,85
3851,hospitals,85
3852,750,85
3853,patent,85
3854,cop,85
3855,valve,85
3856,nh,85
3857,twins,85
3858,apple's,85
3859,static,85
3860,eczcaw@mips.nott.ac.uk,85
3861,prophecy,85
3862,delete,85
3863,cryptographic,85
3864,stops,84
3865,saint,84
3866,enemies,84
3867,defending,84
3868,atlantic,84
3869,grass,84
3870,teacher,84
3871,"100,000",84
3872,drove,84
3873,demonstrate,84
3874,mankind,84
3875,desired,84
3876,1977,84
3877,persecution,84
3878,employees,84
3879,worthy,84
3880,exposed,84
3881,checks,84
3882,cage,84
3883,expo,84
3884,hz,84
3885,producing,84
3886,shameful,84
3887,assumes,84
3888,expand,84
3889,flaming,84
3890,differential,84
3891,motorcycles,84
3892,dynamic,84
3893,preferably,84
3894,tempest,84
3895,mapping,84
3896,scsi-1,84
3897,pitt,84
3898,gopher,84
3899,government's,83
3900,charter,83
3901,entering,83
3902,jake@bony1.bony.com,83
3903,livni,83
3904,navy,83
3905,residents,83
3906,likes,83
3907,interior,83
3908,invented,83
3909,germans,83
3910,cruel,83
3911,cape,83
3912,confirmed,83
3913,rough,83
3914,350,83
3915,saving,83
3916,joel,83
3917,serving,83
3918,accidents,83
3919,obey,83
3920,fame,83
3921,teeth,83
3922,feedback,83
3923,enable,83
3924,sacrifice,83
3925,qur'an,83
3926,kennedy,83
3927,manufacturing,83
3928,telnet,83
3929,novell,83
3930,greenbelt,83
3931,cdrom,83
3932,overhead,83
3933,paul's,83
3934,champs,83
3935,moore,83
3936,senators,83
3937,binaries,83
3938,"sci.crypt,alt.security,comp.org.eff.talk,comp.security.misc,comp.org.acm,comp.org.ieee",83
3939,kratz,83
3940,sigh,82
3941,achieved,82
3942,emergency,82
3943,fate,82
3944,intervention,82
3945,pointers,82
3946,ears,82
3947,scholars,82
3948,origins,82
3949,netherlands,82
3950,label,82
3951,assumptions,82
3952,relating,82
3953,script,82
3954,bringing,82
3955,guilt,82
3956,passenger,82
3957,125,82
3958,density,82
3959,followups,82
3960,allocation,82
3961,initially,82
3962,experiments,82
3963,arena,82
3964,gotta,82
3965,darren,82
3966,geometry,82
3967,1/4,82
3968,believers,82
3969,pink,82
3970,c650,82
3971,5.25,82
3972,keith@cco.caltech.edu,82
3973,motto,82
3974,beauchaine,82
3975,viewers,82
3976,liver,82
3977,beyer,81
3978,apologize,81
3979,condemn,81
3980,saudi,81
3981,award,81
3982,nasty,81
3983,ward,81
3984,1915,81
3985,102,81
3986,phenomenon,81
3987,necessity,81
3988,stations,81
3989,requirement,81
3990,shostack,81
3991,recorded,81
3992,hint,81
3993,torture,81
3994,economics,81
3995,loud,81
3996,personality,81
3997,1984,81
3998,reduction,81
3999,sword,81
4000,news@magnus.acs.ohio-state.edu,81
4001,cliff,81
4002,muscle,81
4003,picking,81
4004,monthly,81
4005,concentrate,81
4006,boeing,81
4007,suspension,81
4008,yamaha,81
4009,10.00,81
4010,nuts,81
4011,ir,81
4012,frequencies,81
4013,gerry,81
4014,baud,81
4015,bobbe@vice.ico.tek.com,81
4016,fuhr,81
4017,egreen@east.sun.com,81
4018,struck,80
4019,thee,80
4020,murphy,80
4021,psychological,80
4022,decades,80
4023,dimensions,80
4024,landing,80
4025,stretch,80
4026,deliberately,80
4027,founded,80
4028,spelling,80
4029,watts,80
4030,tone,80
4031,heavily,80
4032,formation,80
4033,bulletin,80
4034,jail,80
4035,dependent,80
4036,cherry,80
4037,trash,80
4038,fraud,80
4039,usenet@murdoch.acc.virginia.edu,80
4040,crystal,80
4041,handled,80
4042,eliminate,80
4043,customer,80
4044,esp,80
4045,sutherland,80
4046,rings,80
4047,apologies,80
4048,config.sys,80
4049,dogma,80
4050,kendig,80
4051,skepticism,80
4052,trinity,80
4053,scorer,80
4054,kinsey,80
4055,regarded,79
4056,gathered,79
4057,massacres,79
4058,knocked,79
4059,collect,79
4060,channels,79
4061,racial,79
4062,attributed,79
4063,financial,79
4064,lift,79
4065,hat,79
4066,slight,79
4067,freedoms,79
4068,architecture,79
4069,addressing,79
4070,judged,79
4071,belt,79
4072,1978,79
4073,simultaneously,79
4074,associates,79
4075,render,79
4076,long-term,79
4077,melbourne,79
4078,humor,79
4079,undefined,79
4080,trace,79
4081,128,79
4082,jury,79
4083,worthless,79
4084,gardner,79
4085,ads,79
4086,chen,79
4087,width,79
4088,wax,79
4089,alaska,79
4090,trigger,79
4091,rf,79
4092,champions,79
4093,docs,79
4094,floppies,79
4095,cdc,79
4096,peoples,78
4097,1967,78
4098,philosophical,78
4099,mob,78
4100,forgotten,78
4101,belongs,78
4102,jimmy,78
4103,sooner,78
4104,arromdee,78
4105,newspapers,78
4106,allies,78
4107,absence,78
4108,invited,78
4109,condemned,78
4110,courses,78
4111,involvement,78
4112,import,78
4113,movies,78
4114,murders,78
4115,gays,78
4116,sudden,78
4117,approval,78
4118,nicely,78
4119,broad,78
4120,satisfied,78
4121,banned,78
4122,sacred,78
4123,prophets,78
4124,nope,78
4125,04,78
4126,96,78
4127,worthwhile,78
4128,john's,78
4129,9000,78
4130,outlet,78
4131,02,78
4132,reset,78
4133,archie,78
4134,engineers,78
4135,football,78
4136,slots,78
4137,hayes,78
4138,statistical,78
4139,judas,78
4140,canucks,78
4141,denning,78
4142,pa146008@utkvm1.utk.edu,78
4143,prb@access.digex.com,78
4144,lds,78
4145,siggraph,78
4146,regime,77
4147,grade,77
4148,europeans,77
4149,quoting,77
4150,mountains,77
4151,district,77
4152,guidelines,77
4153,sealed,77
4154,quarter,77
4155,threatened,77
4156,speaks,77
4157,completed,77
4158,admitted,77
4159,accused,77
4160,adds,77
4161,physically,77
4162,lunch,77
4163,symbol,77
4164,900,77
4165,news+@pitt.edu,77
4166,integrated,77
4167,skills,77
4168,proceedings,77
4169,missouri,77
4170,parking,77
4171,rubber,77
4172,apollo,77
4173,handy,77
4174,garage,77
4175,205,77
4176,v8,77
4177,beam,77
4178,rating,77
4179,fl,77
4180,genetic,77
4181,investors,77
4182,bps,77
4183,evelyn,77
4184,alink,77
4185,ksand,77
4186,thy,77
4187,oakland,77
4188,gant,77
4189,pov,77
4190,nutrition,77
4191,replied,76
4192,stayed,76
4193,strikes,76
4194,bosnians,76
4195,reactions,76
4196,contacts,76
4197,ncr,76
4198,establishment,76
4199,convincing,76
4200,implied,76
4201,his/her,76
4202,fathers,76
4203,shame,76
4204,storm,76
4205,ear,76
4206,lawyers,76
4207,solely,76
4208,mistaken,76
4209,streets,76
4210,lincoln,76
4211,wake,76
4212,alex,76
4213,elizabeth,76
4214,adequate,76
4215,duke,76
4216,revised,76
4217,extensions,76
4218,observatory,76
4219,news@gallant.apple.com,76
4220,vax,76
4221,tammy,76
4222,conception,76
4223,stadium,76
4224,rbi,76
4225,nyr,76
4226,andi,75
4227,yugoslavia,75
4228,74,75
4229,lands,75
4230,miracle,75
4231,presentation,75
4232,pulling,75
4233,writers,75
4234,opposing,75
4235,surprising,75
4236,hanging,75
4237,reporting,75
4238,pioneer,75
4239,princeton,75
4240,contributions,75
4241,silent,75
4242,legs,75
4243,infants,75
4244,nov,75
4245,recognition,75
4246,prevention,75
4247,audience,75
4248,requiring,75
4249,springs,75
4250,tucson,75
4251,releases,75
4252,abstract,75
4253,methodology,75
4254,rep,75
4255,chastity,75
4256,overtime,75
4257,retail,75
4258,harris,75
4259,measured,75
4260,servicing,75
4261,functionality,75
4262,vendor,75
4263,apostles,75
4264,nixon,75
4265,innings,75
4266,alomar,75
4267,gretzky,75
4268,jagr,75
4269,regulation,75
4270,vat,75
4271,contrib,75
4272,pixmap,75
4273,rayshade,75
4274,galileo,75
4275,wwii,74
4276,cpr@igc.apc.org,74
4277,contradictory,74
4278,cast,74
4279,ha,74
4280,preserve,74
4281,racist,74
4282,preventing,74
4283,mcgill,74
4284,bm,74
4285,consistently,74
4286,cleansing,74
4287,afternoon,74
4288,fallen,74
4289,voted,74
4290,paris,74
4291,secondary,74
4292,institutions,74
4293,bell-northern,74
4294,1994,74
4295,camp,74
4296,ages,74
4297,commentary,74
4298,da,74
4299,participants,74
4300,1500,74
4301,revolver,74
4302,concealed,74
4303,separately,74
4304,theoretical,74
4305,laughter,74
4306,connections,74
4307,x-mailer,74
4308,johns,74
4309,101,74
4310,directories,74
4311,jeffrey,74
4312,reliability,74
4313,runner,74
4314,accidental,74
4315,halifax,74
4316,payload,74
4317,managers,74
4318,maple,74
4319,solntze.wpd.sgi.com,74
4320,halat@pooh.bears,74
4321,sabin,74
4322,petri,74
4323,hackers,74
4324,heterosexual,74
4325,mvp,74
4326,robin,74
4327,weaver,74
4328,kaldis,74
4329,atrocities,73
4330,arromdee@jyusenkyou.cs.jhu.edu,73
4331,considerably,73
4332,seperate,73
4333,teaches,73
4334,counter,73
4335,maintaining,73
4336,yale,73
4337,profit,73
4338,sue,73
4339,falling,73
4340,row,73
4341,ne,73
4342,occasionally,73
4343,handed,73
4344,cameras,73
4345,honestly,73
4346,victory,73
4347,delay,73
4348,275,73
4349,argued,73
4350,republicans,73
4351,participating,73
4352,olchowy,73
4353,poster's,73
4354,advantages,73
4355,senses,73
4356,medium,73
4357,micro,73
4358,neck,73
4359,creates,73
4360,d.c,73
4361,wondered,73
4362,canadians,73
4363,1024x768,73
4364,cartridge,73
4365,marshall,73
4366,filename,73
4367,finals,73
4368,weiss,73
4369,gifs,73
4370,lyme,73
4371,disaster,72
4372,lesson,72
4373,crisis,72
4374,ultimately,72
4375,studied,72
4376,inspired,72
4377,drew,72
4378,flag,72
4379,convenient,72
4380,defines,72
4381,reserved,72
4382,madison,72
4383,fresh,72
4384,sum,72
4385,shaw,72
4386,arts,72
4387,smoking,72
4388,typing,72
4389,acquired,72
4390,news@news.iastate.edu,72
4391,suggesting,72
4392,stores,72
4393,sponsored,72
4394,discover,72
4395,limiting,72
4396,jurisdiction,72
4397,110,72
4398,kilometers,72
4399,hela.ins.cwru.edu,72
4400,explaining,72
4401,gerard,72
4402,vi,72
4403,den,72
4404,grateful,72
4405,1200,72
4406,98,72
4407,switched,72
4408,pst,72
4409,markus,72
4410,convertible,72
4411,adjust,72
4412,slide,72
4413,idaho,72
4414,upgraded,72
4415,cmos,72
4416,watson,72
4417,filters,72
4418,hunter,72
4419,512,72
4420,carries,72
4421,800x600,72
4422,inputs,72
4423,icons,72
4424,christ's,72
4425,steveh@thor.isc-br.com,72
4426,habs,72
4427,stimulus,72
4428,n3jxp,72
4429,xpert@expo.lcs.mit.edu,72
4430,imake,72
4431,polygons,72
4432,baalke,72
4433,mcconkie,72
4434,bothered,71
4435,estimated,71
4436,iranian,71
4437,kick,71
4438,possession,71
4439,elias,71
4440,homeland,71
4441,sister,71
4442,republican,71
4443,camps,71
4444,7th,71
4445,der,71
4446,prayers,71
4447,grew,71
4448,commission,71
4449,restrict,71
4450,islands,71
4451,rumors,71
4452,exclusive,71
4453,seizures,71
4454,offices,71
4455,outer,71
4456,tolerance,71
4457,authorized,71
4458,insane,71
4459,realistic,71
4460,judging,71
4461,deserves,71
4462,discharge,71
4463,physicians,71
4464,230,71
4465,frequent,71
4466,advocate,71
4467,fidonet,71
4468,bnr,71
4469,blew,71
4470,professionals,71
4471,transmitted,71
4472,tyre,71
4473,lance,71
4474,structures,71
4475,kim,71
4476,ft,71
4477,galaxy,71
4478,gb,71
4479,atari,71
4480,fastest,71
4481,aerospace,71
4482,download,71
4483,compress,71
4484,swiss,71
4485,pregnancy,71
4486,providence,71
4487,2.50,71
4488,myrto,71
4489,orbiter,71
4490,pluto,71
4491,s.d.p.a,70
4492,wounds,70
4493,column,70
4494,counted,70
4495,incidents,70
4496,usenet@news.columbia.edu,70
4497,shoulder,70
4498,expense,70
4499,defence,70
4500,iraqi,70
4501,cap,70
4502,covering,70
4503,train,70
4504,conviction,70
4505,oriented,70
4506,politicians,70
4507,waited,70
4508,blacks,70
4509,refresh,70
4510,solved,70
4511,promises,70
4512,flesh,70
4513,0000,70
4514,unreasonable,70
4515,weekly,70
4516,failing,70
4517,bds,70
4518,kernel,70
4519,publications,70
4520,felix,70
4521,offering,70
4522,deficit,70
4523,sharing,70
4524,tennessee,70
4525,exciting,70
4526,4000,70
4527,programmers,70
4528,2400,70
4529,offset,70
4530,powerpc,70
4531,tcp/ip,70
4532,hatching,70
4533,odwyer@sse.ie,70
4534,hens,70
4535,conlon,70
4536,earth's,70
4537,1-0,70
4538,inning,70
4539,wc,70
4540,potvin,70
4541,gainey,70
4542,pat@rwing.uucp,70
4543,geb@cadre.dsl.pitt.edu,70
4544,no-knock,70
4545,baalke@kelvin.jpl.nasa.gov,70
4546,hostile,69
4547,president's,69
4548,fascist,69
4549,samples,69
4550,tclock@orion.oac.uci.edu,69
4551,1975,69
4552,accomplished,69
4553,encouraged,69
4554,complaining,69
4555,answering,69
4556,1981,69
4557,tasks,69
4558,yellow,69
4559,chair,69
4560,bands,69
4561,prof,69
4562,accomplish,69
4563,intercourse,69
4564,locations,69
4565,louisiana,69
4566,golchowy@alchemy.chem.utoronto.ca,69
4567,1964,69
4568,circular,69
4569,conscience,69
4570,les,69
4571,fuck,69
4572,stevens,69
4573,r4,69
4574,torque,69
4575,cylinder,69
4576,layout,69
4577,az,69
4578,pressing,69
4579,donald,69
4580,pointer,69
4581,high-speed,69
4582,fm,69
4583,compatibility,69
4584,iici,69
4585,towers,69
4586,modules,69
4587,doctrines,69
4588,absolutes,69
4589,evaluation,69
4590,speedstar,69
4591,generator,69
4592,dyer,69
4593,leo,68
4594,imagination,68
4595,fled,68
4596,characteristics,68
4597,existance,68
4598,propose,68
4599,entity,68
4600,crying,68
4601,subsequent,68
4602,publish,68
4603,concluded,68
4604,loves,68
4605,inevitable,68
4606,clothes,68
4607,publishing,68
4608,secrets,68
4609,dodge,68
4610,walter,68
4611,kentucky,68
4612,considerable,68
4613,christmas,68
4614,fashion,68
4615,nicholas,68
4616,declare,68
4617,opportunities,68
4618,bearing,68
4619,dynamics,68
4620,inferior,68
4621,slip,68
4622,mainstream,68
4623,factory,68
4624,blowing,68
4625,souls,68
4626,maine,68
4627,turner,68
4628,exclusively,68
4629,automobile,68
4630,someone's,68
4631,taurus,68
4632,creative,68
4633,rod,68
4634,interviews,68
4635,sensor,68
4636,vacuum,68
4637,ott,68
4638,edwards,68
4639,delta,68
4640,specification,68
4641,cassette,68
4642,locks,68
4643,generic,68
4644,curtis,68
4645,redesign,68
4646,moderator,68
4647,healy,68
4648,713,68
4649,kingston,68
4650,313,68
4651,screens,68
4652,pitched,68
4653,pd,68
4654,proprietary,68
4655,0.5,68
4656,slavery,68
4657,bacteria,68
4658,dodgers,68
4659,tigers,68
4660,neal,68
4661,gnu,68
4662,terminals,68
4663,krillean,68
4664,circles,67
4665,reaching,67
4666,anatolia,67
4667,ill,67
4668,maps,67
4669,captured,67
4670,scenario,67
4671,stomach,67
4672,negotiations,67
4673,pilot,67
4674,blast,67
4675,decade,67
4676,electricity,67
4677,paradise,67
4678,peak,67
4679,remained,67
4680,dual,67
4681,lowest,67
4682,brookline,67
4683,oppose,67
4684,identification,67
4685,meetings,67
4686,descriptions,67
4687,aimed,67
4688,laughed,67
4689,brains,67
4690,supplies,67
4691,confirm,67
4692,demands,67
4693,buck,67
4694,seals,67
4695,doc,67
4696,tourist,67
4697,monitoring,67
4698,dates,67
4699,nissan,67
4700,leg,67
4701,mighty,67
4702,handles,67
4703,recording,67
4704,boomer,67
4705,pissed,67
4706,liability,67
4707,shotgun,67
4708,bars,67
4709,behanna,67
4710,buttons,67
4711,automotive,67
4712,leather,67
4713,mc,67
4714,discount,67
4715,mitre,67
4716,16-bit,67
4717,seagate,67
4718,nntp@acsu.buffalo.edu,67
4719,clarke,67
4720,stephenson,67
4721,boggs,67
4722,norris,67
4723,wales,67
4724,wm,67
4725,"talk.religion.misc,talk.politics.misc,sci.skeptic",67
4726,turk,66
4727,narrow,66
4728,beaten,66
4729,communist,66
4730,ships,66
4731,clarify,66
4732,bb,66
4733,priests,66
4734,chairman,66
4735,paranoia,66
4736,sole,66
4737,african,66
4738,en,66
4739,commerce,66
4740,180,66
4741,settle,66
4742,welfare,66
4743,enforce,66
4744,tartars,66
4745,hunting,66
4746,hearts,66
4747,olson,66
4748,175,66
4749,radical,66
4750,igor,66
4751,fingers,66
4752,rally,66
4753,viewpoint,66
4754,intention,66
4755,demonstration,66
4756,rifles,66
4757,formal,66
4758,employment,66
4759,lean,66
4760,supplied,66
4761,technically,66
4762,objection,66
4763,myth,66
4764,ermeni,66
4765,predicted,66
4766,locked,66
4767,poll,66
4768,traditions,66
4769,distinguish,66
4770,chromium,66
4771,correlation,66
4772,walks,66
4773,trend,66
4774,springfield,66
4775,confidence,66
4776,warrants,66
4777,sphere,66
4778,fatal,66
4779,shifting,66
4780,mirrors,66
4781,cylinders,66
4782,cray,66
4783,skill,66
4784,aluminum,66
4785,velocity,66
4786,inexpensive,66
4787,ext,66
4788,fairbanks,66
4789,metzger,66
4790,loading,66
4791,processors,66
4792,coding,66
4793,kelly,66
4794,toshiba,66
4795,vector,66
4796,trusted,66
4797,bone,66
4798,1.50,66
4799,0.0,66
4800,simtel20,66
4801,breaker,66
4802,moncton,66
4803,decrypt,66
4804,quack,66
4805,oname,66
4806,stein,65
4807,resolve,65
4808,destroying,65
4809,ugly,65
4810,oct,65
4811,divided,65
4812,repost,65
4813,removal,65
4814,findings,65
4815,wash,65
4816,corrupt,65
4817,1979,65
4818,payment,65
4819,boring,65
4820,trucks,65
4821,desert,65
4822,hallam@dscomsa.desy.de,65
4823,sons,65
4824,deir,65
4825,fed,65
4826,punished,65
4827,contracts,65
4828,cia,65
4829,waldrop,65
4830,compete,65
4831,meat,65
4832,reagan,65
4833,austria,65
4834,motivated,65
4835,boots,65
4836,interpreted,65
4837,swing,65
4838,stopping,65
4839,philip,65
4840,execute,65
4841,america's,65
4842,giant,65
4843,ai,65
4844,transmit,65
4845,manitoba,65
4846,alarm,65
4847,tracking,65
4848,a/c,65
4849,v4,65
4850,archive-name,65
4851,corn,65
4852,tt,65
4853,keller,65
4854,sinners,65
4855,saints,65
4856,altitude,65
4857,phoenix,65
4858,cds,65
4859,ic,65
4860,limbaugh,65
4861,sequences,65
4862,sherri,65
4863,bloom,65
4864,sinus,65
4865,sorenson,65
4866,grounding,65
4867,countersteering,65
4868,olwm,65
4869,svr4,65
4870,"talk.politics.guns,soc.culture.usa,alt.rush-limbaugh",65
4871,nsmca@aurora.alaska.edu,65
4872,1972,64
4873,trivial,64
4874,spoken,64
4875,edited,64
4876,butt,64
4877,beats,64
4878,knife,64
4879,declared,64
4880,serbian,64
4881,males,64
4882,choosing,64
4883,periods,64
4884,selective,64
4885,gross,64
4886,1970,64
4887,equipped,64
4888,carrier,64
4889,damaged,64
4890,investigate,64
4891,cst,64
4892,survived,64
4893,secrecy,64
4894,karina,64
4895,fortunately,64
4896,avoided,64
4897,shortly,64
4898,resolutions,64
4899,sink,64
4900,garden,64
4901,integration,64
4902,upgrading,64
4903,ruling,64
4904,world's,64
4905,morally,64
4906,accelerated,64
4907,feasible,64
4908,patterns,64
4909,mat,64
4910,barrel,64
4911,kk,64
4912,atlas,64
4913,judgment,64
4914,lifetime,64
4915,rated,64
4916,hart,64
4917,ch,64
4918,sf,64
4919,drops,64
4920,shelf,64
4921,masks,64
4922,beaverton,64
4923,brunswick,64
4924,news@usenet.ucs.indiana.edu,64
4925,encounter,64
4926,flexible,64
4927,sunnyvale,64
4928,developers,64
4929,rescorla,64
4930,7.50,64
4931,rookie,64
4932,simulation,64
4933,msdos,64
4934,ulf,64
4935,adirondack,64
4936,broward,64
4937,sabretooth,64
4938,commander,63
4939,explains,63
4940,triangle,63
4941,citizenship,63
4942,costly,63
4943,p.m,63
4944,calm,63
4945,self-defense,63
4946,landed,63
4947,women's,63
4948,permits,63
4949,deity,63
4950,fees,63
4951,founding,63
4952,computation,63
4953,97,63
4954,ethics,63
4955,forwarded,63
4956,amusing,63
4957,riders,63
4958,stance,63
4959,judges,63
4960,essence,63
4961,expecting,63
4962,meter,63
4963,plausible,63
4964,usenet@demon.co.uk,63
4965,eve,63
4966,marks,63
4967,sync,63
4968,joy,63
4969,subscription,63
4970,boss,63
4971,160,63
4972,contradict,63
4973,bogus,63
4974,bills,63
4975,pays,63
4976,capitals,63
4977,ericsson,63
4978,misc,63
4979,query,63
4980,restricted,63
4981,freshman,63
4982,ph,63
4983,huntsville,63
4984,fixes,63
4985,dsp,63
4986,dot,63
4987,floating,63
4988,7.1,63
4989,256k,63
4990,aix,63
4991,monochrome,63
4992,miracles,63
4993,cdt@rocket.sw.stratus.com,63
4994,cdt@vos.stratus.com,63
4995,nist,63
4996,mlb,63
4997,orioles,63
4998,tampa,63
